place,fips,date,dissolved_o2,water_temp
Arlington County,51013,2007-01-23,14.95,5.4
Arlington County,51013,2007-02-06,15.9,0.2
Arlington County,51013,2007-03-06,16,4.8
Arlington County,51013,2007-04-03,NA,14.4
Arlington County,51013,2007-05-15,9.2,21.7
Arlington County,51013,2007-06-12,10.6,25.9
Arlington County,51013,2007-07-17,8.966666666666667,23.433333333333334
Arlington County,51013,2007-08-14,7.3,27.9
Arlington County,51013,2007-09-11,6.5,26.9
Arlington County,51013,2007-10-09,8.25,21.7
Arlington County,51013,2007-11-19,12.2,9.4
Arlington County,51013,2007-12-04,11.6,5.8
Arlington County,51013,2008-01-08,12.93,7.336666666666667
Arlington County,51013,2008-02-05,15.25,6.09
Arlington County,51013,2008-03-11,12.46,8.91
Arlington County,51013,2008-04-22,10.97,13
Arlington County,51013,2008-05-20,9.08,16.49
Arlington County,51013,2008-06-17,7.9,26.4
Arlington County,51013,2008-07-15,8.1,23.3
Arlington County,51013,2008-08-19,8.21,26.33
Arlington County,51013,2008-09-09,8.43,24.16
Arlington County,51013,2008-10-14,9.030000000000001,16.53
Arlington County,51013,2008-11-04,11.17,11.4
Arlington County,51013,2008-12-09,13.08,2.95
Arlington County,51013,2009-01-06,11.99,5.1899999999999995
Arlington County,51013,2009-02-03,13.22,2.97
Arlington County,51013,2009-04-07,10.793333333333333,10.253333333333334
Arlington County,51013,2009-05-19,9.46,19.01
Arlington County,51013,2009-06-23,7.81,24.71
Arlington County,51013,2009-07-21,8.15,21.553333333333335
Arlington County,51013,2009-08-18,8.05,29.21
Arlington County,51013,2009-09-22,8.82,19.29
Arlington County,51013,2009-10-20,10.953333333333333,7.6066666666666665
Arlington County,51013,2009-11-03,10.77,10.8
Arlington County,51013,2010-01-05,13.335,2.16
Arlington County,51013,2010-04-06,11.32,12.350000000000001
Arlington County,51013,2010-06-15,7.91,24.03
Arlington County,51013,2010-07-20,7.676666666666667,21.81
Arlington County,51013,2010-08-17,8.3,23.86
Arlington County,51013,2010-09-14,8.98,22.2
Arlington County,51013,2010-10-12,8.673333333333334,17.62333333333333
Arlington County,51013,2010-11-02,10.82,11.54
Arlington County,51013,2011-01-04,12.965,3.455
Arlington County,51013,2011-04-05,10.103333333333333,11.82
Arlington County,51013,2011-05-10,13.42,18.29
Arlington County,51013,2011-06-14,7.47,26.34
Arlington County,51013,2011-07-19,7.510000000000001,24.753333333333334
Arlington County,51013,2011-08-09,6.96,28.59
Arlington County,51013,2011-09-20,8.59,19.26
Arlington County,51013,2011-10-18,9.623333333333333,15.753333333333334
Arlington County,51013,2011-11-08,11.78,9.87
Arlington County,51013,2011-12-06,11.96,9.1
Arlington County,51013,2011-12-09,12.5,8.1
Arlington County,51013,2012-01-17,12.43,5.6433333333333335
Arlington County,51013,2012-02-14,13.344999999999999,5.805
Arlington County,51013,2012-03-01,12.5,9.6
Arlington County,51013,2012-03-03,12.15,7.85
Arlington County,51013,2012-03-06,13.1,6.7
Arlington County,51013,2012-03-20,9.85,18.27
Arlington County,51013,2012-04-03,10.2,14.7
Arlington County,51013,2012-04-23,10.136666666666667,12.290000000000001
Arlington County,51013,2012-05-01,10.2,16
Arlington County,51013,2012-05-10,8.5,NA
Arlington County,51013,2012-05-15,8.21,23.28
Arlington County,51013,2012-05-24,8.3,22.6
Arlington County,51013,2012-06-05,7.7,22.1
Arlington County,51013,2012-06-12,7.77,25.74
Arlington County,51013,2012-06-14,8.2,26.3
Arlington County,51013,2012-06-19,7.8,23.9
Arlington County,51013,2012-07-09,5,31.6
Arlington County,51013,2012-07-17,7.2,NA
Arlington County,51013,2012-07-23,7.6,26.6
Arlington County,51013,2012-07-24,7.6866666666666665,24.226666666666667
Arlington County,51013,2012-08-07,6.8,29.9
Arlington County,51013,2012-08-14,6.4,28.2
Arlington County,51013,2012-08-20,8.19,25.42
Arlington County,51013,2012-08-21,7.3,25.4
Arlington County,51013,2012-09-11,7.8,24.2
Arlington County,51013,2012-09-18,8.48,22.33
Arlington County,51013,2012-09-20,8.8,20.7
Arlington County,51013,2012-10-16,9.43,14.876666666666667
Arlington County,51013,2012-10-18,8.9,15.3
Arlington County,51013,2012-10-31,13,10.9
Arlington County,51013,2012-11-01,12,9.9
Arlington County,51013,2012-11-02,12.4,9.9
Arlington County,51013,2012-11-06,12.32,7.81
Arlington County,51013,2012-12-04,13.2,6.9
Arlington County,51013,2013-01-08,13.6,3.3
Arlington County,51013,2013-01-16,11.7,6
Arlington County,51013,2013-01-18,13.9,5.2
Arlington County,51013,2013-02-01,13.5,4.8
Arlington County,51013,2013-02-05,14.1,2.7
Arlington County,51013,2013-02-19,13.2,3.8
Arlington County,51013,2013-02-28,13.4,6
Arlington County,51013,2013-03-05,13.6,4.7
Arlington County,51013,2013-03-14,12.9,7.4
Arlington County,51013,2013-03-19,12.7,6.3
Arlington County,51013,2013-04-04,12.4,8.1
Arlington County,51013,2013-04-16,10.2,15.8
Arlington County,51013,2013-04-20,10,16.1
Arlington County,51013,2013-05-02,9.2,16.9
Arlington County,51013,2013-05-09,9.8,17.5
Arlington County,51013,2013-05-14,10.6,16.9
Arlington County,51013,2013-06-04,7.3,NA
Arlington County,51013,2013-06-08,9,21.6
Arlington County,51013,2013-07-23,5.4,NA
Arlington County,51013,2013-08-06,8.1,NA
Arlington County,51013,2013-09-10,9.9,NA
Arlington County,51013,2013-11-27,13.5,4.2
Arlington County,51013,2013-12-03,14,NA
Arlington County,51013,2013-12-09,NA,4.8
Arlington County,51013,2014-01-13,14.6,NA
Arlington County,51013,2014-02-06,14.8,2.3
Arlington County,51013,2014-02-24,13.7,4.2
Arlington County,51013,2014-02-26,14.3,NA
Arlington County,51013,2014-03-12,12.7,NA
Arlington County,51013,2014-03-31,12.6,8
Arlington County,51013,2014-04-03,11.7,9.8
Arlington County,51013,2014-04-23,10.1,NA
Arlington County,51013,2014-05-01,10.8,13.8
Arlington County,51013,2014-05-02,11.2,13.9
Arlington County,51013,2014-05-17,9.6,18.6
Arlington County,51013,2014-05-19,11.4,NA
Arlington County,51013,2014-06-05,7.9,NA
Arlington County,51013,2014-06-12,8.8,23.4
Arlington County,51013,2014-07-10,7.2,27.5
Arlington County,51013,2014-07-21,7.6,26.3
Arlington County,51013,2014-08-06,7.6,26.8
Arlington County,51013,2014-09-09,6.4,25.3
Arlington County,51013,2014-10-01,7.6,21.2
Arlington County,51013,2014-10-17,9.3,18.2
Arlington County,51013,2014-11-05,12,9.7
Arlington County,51013,2014-12-04,12.6,6.1
Arlington County,51013,2014-12-10,13.4,4.5
Arlington County,51013,2015-01-08,13.8,-0.1
Arlington County,51013,2015-01-28,14.8,2.5
Arlington County,51013,2015-02-03,14.6,0.5
Arlington County,51013,2015-02-18,15.5,-0.1
Arlington County,51013,2015-03-03,15,-0.1
Arlington County,51013,2015-03-12,13.3,5.6
Arlington County,51013,2015-03-17,17.5,7.1
Arlington County,51013,2015-04-07,11,14.3
Arlington County,51013,2015-04-21,9.7,16.8
Arlington County,51013,2015-04-22,10.3,14.8
Arlington County,51013,2015-05-05,9.7,19.1
Arlington County,51013,2015-05-20,8.3,24.9
Arlington County,51013,2015-06-02,6.9,27.2
Arlington County,51013,2015-06-22,7.9,27.3
Arlington County,51013,2015-06-24,7.699999999999999,27.9
Arlington County,51013,2015-06-29,8.8,21
Arlington County,51013,2015-07-01,9.7,21.5
Arlington County,51013,2015-07-14,7.8,26.6
Arlington County,51013,2015-08-04,6.2,28.6
Arlington County,51013,2015-09-09,7,28
Arlington County,51013,2015-10-01,9.3,20.7
Arlington County,51013,2015-10-03,10.1,16.3
Arlington County,51013,2015-10-07,10.2,15.7
Arlington County,51013,2015-11-05,10.3,14.5
Arlington County,51013,2015-12-03,12.5,8
Arlington County,51013,2016-01-07,15.1,3
Arlington County,51013,2016-02-03,15.8,2
Arlington County,51013,2016-02-05,13.9,4.3
Arlington County,51013,2016-02-17,18.1,1.1
Arlington County,51013,2016-02-18,14.5,2.7
Arlington County,51013,2016-03-02,12.6,7.6
Arlington County,51013,2016-03-17,11.5,12.5
Arlington County,51013,2016-04-07,10.6,12.2
Arlington County,51013,2016-04-21,9.4,18.7
Arlington County,51013,2016-05-04,9.7,18
Arlington County,51013,2016-05-05,10,16.5
Arlington County,51013,2016-05-19,10.3,15.9
Arlington County,51013,2016-06-07,9.6,24
Arlington County,51013,2016-06-22,8.350000000000001,26.3
Arlington County,51013,2016-07-07,7.6,28.2
Arlington County,51013,2016-07-19,7.2,29.4
Arlington County,51013,2016-08-11,8.9,28.2
Arlington County,51013,2016-09-08,7.6,26.7
Arlington County,51013,2016-09-29,8.9,21.2
District of Columbia,11001,2007-01-08,7.88,9.142857142857142
District of Columbia,11001,2007-01-09,14.445,8.385
District of Columbia,11001,2007-01-22,13.85,3.7
District of Columbia,11001,2007-01-23,15.016666666666666,4.783333333333333
District of Columbia,11001,2007-02-05,14.959999999999999,0.8200000000000001
District of Columbia,11001,2007-02-06,14.46,1.28
District of Columbia,11001,2007-02-12,7.748,0.968
District of Columbia,11001,2007-02-13,17.295,0.745
District of Columbia,11001,2007-03-05,13.4,5.625
District of Columbia,11001,2007-03-06,15.977777777777778,3.1777777777777776
District of Columbia,11001,2007-03-12,8.254,7.796
District of Columbia,11001,2007-03-13,14.715,7.232083333333334
District of Columbia,11001,2007-03-26,11.58529411764706,11.767142857142858
District of Columbia,11001,2007-04-02,12.0125,12.722222222222221
District of Columbia,11001,2007-04-03,NA,13.95
District of Columbia,11001,2007-04-09,12.60892857142857,8.79
District of Columbia,11001,2007-04-10,11.369411764705882,9.457428571428572
District of Columbia,11001,2007-04-18,12.366666666666667,8.4
District of Columbia,11001,2007-04-23,10.216296296296296,13.7912
District of Columbia,11001,2007-05-07,10.024,17.87
District of Columbia,11001,2007-05-08,9.35225,17.72275
District of Columbia,11001,2007-05-14,8.275,15.8875
District of Columbia,11001,2007-05-15,10.1625,17.075
District of Columbia,11001,2007-05-17,8.3,22.35
District of Columbia,11001,2007-05-21,7.09551724137931,19.861785714285716
District of Columbia,11001,2007-06-04,6.622,25.97142857142857
District of Columbia,11001,2007-06-05,4.443125,25.796
District of Columbia,11001,2007-06-11,7.2125,21.6
District of Columbia,11001,2007-06-12,9.125,22.7
District of Columbia,11001,2007-06-18,6.711666666666667,25.128709677419355
District of Columbia,11001,2007-07-09,7.166666666666667,27.916666666666668
District of Columbia,11001,2007-07-10,8.15,28.88
District of Columbia,11001,2007-07-16,7,23.966666666666665
District of Columbia,11001,2007-07-17,7.8,24.942857142857143
District of Columbia,11001,2007-07-23,7.382380952380952,26.30090909090909
District of Columbia,11001,2007-08-06,7.3,29.28333333333333
District of Columbia,11001,2007-08-07,6.7,28.740000000000002
District of Columbia,11001,2007-08-13,7.5625,24.5625
District of Columbia,11001,2007-08-14,7.4818181818181815,23.955555555555556
District of Columbia,11001,2007-08-20,5.2553846153846155,25.702083333333334
District of Columbia,11001,2007-09-04,7.2,26.05
District of Columbia,11001,2007-09-10,7.32,27.16
District of Columbia,11001,2007-09-11,6.14,24.09
District of Columbia,11001,2007-09-17,7.6325,22.662333333333333
District of Columbia,11001,2007-09-18,9.8,17.0625
District of Columbia,11001,2007-10-01,8.75,22.4
District of Columbia,11001,2007-10-02,9.378571428571428,22.25
District of Columbia,11001,2007-10-09,8.233333333333333,21.083333333333332
District of Columbia,11001,2007-10-15,8.605555555555556,19.955454545454547
District of Columbia,11001,2007-10-16,8.88888888888889,16.38888888888889
District of Columbia,11001,2007-11-05,10.483333333333333,13.166666666666666
District of Columbia,11001,2007-11-06,7.01,12.89
District of Columbia,11001,2007-11-13,9.8625,12.55
District of Columbia,11001,2007-11-19,11.185714285714285,9.642857142857142
District of Columbia,11001,2007-12-03,9.128571428571428,8.414285714285715
District of Columbia,11001,2007-12-04,12.425,5.1625
District of Columbia,11001,2007-12-10,18.614285714285714,4.5285714285714285
District of Columbia,11001,2007-12-11,12.37,5.51
District of Columbia,11001,2008-01-07,12.145555555555555,7.026666666666666
District of Columbia,11001,2008-01-08,12.621666666666666,7.1866666666666665
District of Columbia,11001,2008-01-14,13.532857142857143,6.351428571428571
District of Columbia,11001,2008-01-15,13.35,5.911
District of Columbia,11001,2008-02-04,18.935000000000002,6.952500000000001
District of Columbia,11001,2008-02-05,14.0275,7.46
District of Columbia,11001,2008-02-11,12.832857142857144,4.6242857142857146
District of Columbia,11001,2008-02-12,10.958,4.616
District of Columbia,11001,2008-03-03,12.975,5.09
District of Columbia,11001,2008-03-04,11.884761904761904,6.518148148148148
District of Columbia,11001,2008-03-10,10.811428571428571,6.4871428571428575
District of Columbia,11001,2008-03-11,11.53,7.844444444444444
District of Columbia,11001,2008-03-17,10.260454545454545,10.384210526315789
District of Columbia,11001,2008-04-07,14.89375,9.237272727272728
District of Columbia,11001,2008-04-08,11.788823529411765,9.003125
District of Columbia,11001,2008-04-21,11.102222222222222,12.753333333333334
District of Columbia,11001,2008-04-22,10.608333333333333,13.058333333333334
District of Columbia,11001,2008-04-24,10.55,15.75
District of Columbia,11001,2008-04-28,7.485,17.188333333333333
District of Columbia,11001,2008-05-12,9.895,14.136666666666667
District of Columbia,11001,2008-05-13,8.547391304347826,12.887916666666667
District of Columbia,11001,2008-05-19,7.797499999999999,14.96375
District of Columbia,11001,2008-05-20,9.16875,14.1725
District of Columbia,11001,2008-05-22,10.2,15.2
District of Columbia,11001,2008-05-27,8.167391304347825,19.655
District of Columbia,11001,2008-06-09,7.346,26.5708
District of Columbia,11001,2008-06-10,4.774473684210526,27.51842105263158
District of Columbia,11001,2008-06-16,6.1125,22.55125
District of Columbia,11001,2008-06-17,7.911111111111111,22.17222222222222
District of Columbia,11001,2008-06-19,5.6,25.65
District of Columbia,11001,2008-06-23,5.9,26.081785714285715
District of Columbia,11001,2008-07-07,6.428571428571429,27.1972
District of Columbia,11001,2008-07-08,6.371428571428571,27.2756
District of Columbia,11001,2008-07-14,6.944444444444445,23.633333333333333
District of Columbia,11001,2008-07-15,8.414285714285715,24.242857142857144
District of Columbia,11001,2008-07-21,6.216666666666667,27.216666666666665
District of Columbia,11001,2008-08-11,7.3525,26.287727272727274
District of Columbia,11001,2008-08-12,6.825151515151515,25.81375
District of Columbia,11001,2008-08-18,7.45375,22.305
District of Columbia,11001,2008-08-19,8.455555555555556,23.39
District of Columbia,11001,2008-08-25,8.233809523809525,26.649
District of Columbia,11001,2008-09-02,6.478611111111111,25.469428571428573
District of Columbia,11001,2008-09-08,5.32051282051282,24.352307692307694
District of Columbia,11001,2008-09-09,8.217777777777778,22.287777777777777
District of Columbia,11001,2008-09-15,6.8244444444444445,25.67
District of Columbia,11001,2008-09-16,7.291428571428572,21.214285714285715
District of Columbia,11001,2008-09-23,7.75,23.4
District of Columbia,11001,2008-10-06,8.565,19.645333333333333
District of Columbia,11001,2008-10-07,6.950263157894737,18.975405405405404
District of Columbia,11001,2008-10-14,9.168333333333333,18.472857142857144
District of Columbia,11001,2008-10-20,8.592222222222222,17.496666666666666
District of Columbia,11001,2008-10-21,8.29111111111111,12.764444444444445
District of Columbia,11001,2008-11-03,8.50875,11.71125
District of Columbia,11001,2008-11-04,9.75,12.385
District of Columbia,11001,2008-11-17,10.354285714285714,11.064285714285715
District of Columbia,11001,2008-11-18,6.925,9.925
District of Columbia,11001,2008-12-08,11.277142857142858,2.632857142857143
District of Columbia,11001,2008-12-09,12.151111111111112,3.8922222222222222
District of Columbia,11001,2008-12-15,13.36,4.281428571428571
District of Columbia,11001,2008-12-16,10.70375,5.9799999999999995
District of Columbia,11001,2009-01-05,10.085555555555556,5.003333333333333
District of Columbia,11001,2009-01-06,12.06,4.99
District of Columbia,11001,2009-01-12,13.91,2.757142857142857
District of Columbia,11001,2009-01-13,11.511,2.946
District of Columbia,11001,2009-02-02,11.054285714285715,4.011428571428572
District of Columbia,11001,2009-02-03,12.71,3.297142857142857
District of Columbia,11001,2009-02-09,13.425714285714285,2.915714285714286
District of Columbia,11001,2009-02-10,12.482,3.717
District of Columbia,11001,2009-03-02,11.74,4.7
District of Columbia,11001,2009-03-03,11.836666666666666,3.013333333333333
District of Columbia,11001,2009-03-09,10.794285714285715,10.945714285714285
District of Columbia,11001,2009-03-10,12.16,7.988571428571428
District of Columbia,11001,2009-03-16,10.846,8.474736842105264
District of Columbia,11001,2009-04-06,7.885555555555555,12.69888888888889
District of Columbia,11001,2009-04-07,10.886,10.524
District of Columbia,11001,2009-04-13,10.246666666666666,11.800571428571429
District of Columbia,11001,2009-04-20,7.9,15.1
District of Columbia,11001,2009-04-27,8.233333333333334,15.55
District of Columbia,11001,2009-05-11,9.845217391304347,16.76642857142857
District of Columbia,11001,2009-05-12,7.254516129032258,17.689666666666668
District of Columbia,11001,2009-05-18,8.141428571428571,14.36
District of Columbia,11001,2009-05-19,9.331428571428571,14.705714285714286
District of Columbia,11001,2009-05-26,6.2860000000000005,22.514
District of Columbia,11001,2009-06-15,8.223684210526315,24.804375
District of Columbia,11001,2009-06-16,5.224838709677419,24.43
District of Columbia,11001,2009-06-22,6.2387500000000005,20.76125
District of Columbia,11001,2009-06-23,7.775,20.845
District of Columbia,11001,2009-06-29,6.131666666666667,25.961666666666666
District of Columbia,11001,2009-07-13,7.391875,26.545161290322582
District of Columbia,11001,2009-07-14,7.438095238095238,26.242093023255816
District of Columbia,11001,2009-07-20,6.888888888888888,21.933333333333334
District of Columbia,11001,2009-07-21,7.356,22.662
District of Columbia,11001,2009-07-27,6.215925925925926,27.403703703703705
District of Columbia,11001,2009-08-10,7.195,28.111666666666668
District of Columbia,11001,2009-08-11,7.18,28.53
District of Columbia,11001,2009-08-17,7.5125,21.5375
District of Columbia,11001,2009-08-18,8.961428571428572,24.002857142857145
District of Columbia,11001,2009-08-24,5.827058823529412,27.478947368421053
District of Columbia,11001,2009-09-14,7.336666666666667,22.125238095238096
District of Columbia,11001,2009-09-15,6.182368421052631,22.533783783783782
District of Columbia,11001,2009-09-21,8.651250000000001,15.46
District of Columbia,11001,2009-09-22,9.225,16.515
District of Columbia,11001,2009-09-28,7.484705882352941,18.280714285714286
District of Columbia,11001,2009-10-05,8.38,16.435714285714287
District of Columbia,11001,2009-10-06,7.9125,16.445135135135136
District of Columbia,11001,2009-10-13,8.05875,11.135
District of Columbia,11001,2009-10-19,10.602500000000001,7.9032
District of Columbia,11001,2009-10-20,10.975999999999999,7.786
District of Columbia,11001,2009-11-02,8.37625,10.772499999999999
District of Columbia,11001,2009-11-03,10.088571428571429,10.215714285714286
District of Columbia,11001,2009-11-16,10.66,8.945714285714285
District of Columbia,11001,2009-11-17,7.778,9.046
District of Columbia,11001,2009-12-07,12.96,3.14
District of Columbia,11001,2009-12-08,11,3.046
District of Columbia,11001,2009-12-14,11.61125,3.6975
District of Columbia,11001,2009-12-15,12.054285714285715,5.164285714285715
District of Columbia,11001,2010-01-04,12.84,1.2233333333333334
District of Columbia,11001,2010-01-05,13.585,1.7525
District of Columbia,11001,2010-01-11,14.39,2.29
District of Columbia,11001,2010-01-12,13.444,2.576
District of Columbia,11001,2010-02-01,13.237142857142857,1.69
District of Columbia,11001,2010-02-02,13.993333333333332,2.335
District of Columbia,11001,2010-03-08,14.02125,4.4825
District of Columbia,11001,2010-03-09,14.837142857142856,5.097142857142857
District of Columbia,11001,2010-03-15,12.415,5.301666666666667
District of Columbia,11001,2010-03-16,10.358571428571429,6.232857142857143
District of Columbia,11001,2010-03-29,10.7,7.6899999999999995
District of Columbia,11001,2010-04-05,11.631111111111112,11.81
District of Columbia,11001,2010-04-06,12.0075,13.4775
District of Columbia,11001,2010-04-12,10.285,14.174666666666667
District of Columbia,11001,2010-04-13,7.098,14.618
District of Columbia,11001,2010-04-26,8.472222222222221,13.59529411764706
District of Columbia,11001,2010-05-03,7.002857142857143,16.63714285714286
District of Columbia,11001,2010-05-04,8.726666666666667,15.103333333333333
District of Columbia,11001,2010-05-10,10.166363636363636,14.968181818181819
District of Columbia,11001,2010-05-11,6.874666666666667,15.7784
District of Columbia,11001,2010-05-24,7.475416666666667,16.987391304347828
District of Columbia,11001,2010-06-07,5.629583333333334,23.319565217391304
District of Columbia,11001,2010-06-14,6.6525,20.09
District of Columbia,11001,2010-06-15,7.15625,19.94875
District of Columbia,11001,2010-06-21,7.1675,24.719375
District of Columbia,11001,2010-06-22,6.99051282051282,24.966923076923077
District of Columbia,11001,2010-07-06,8.386071428571428,25.311785714285715
District of Columbia,11001,2010-07-12,7.149583333333333,25.92791666666667
District of Columbia,11001,2010-07-13,6.0734375,25.026363636363637
District of Columbia,11001,2010-07-19,5.8,22.62666666666667
District of Columbia,11001,2010-07-20,8.164,22.684
District of Columbia,11001,2010-08-09,7.333333333333333,25.115384615384617
District of Columbia,11001,2010-08-16,6.1625,21.4925
District of Columbia,11001,2010-08-17,7.933333333333334,20.852857142857143
District of Columbia,11001,2010-08-23,6.375172413793104,27.3775
District of Columbia,11001,2010-08-24,4.728571428571429,26.47388888888889
District of Columbia,11001,2010-09-07,6.47,26.327083333333334
District of Columbia,11001,2010-09-13,7.24,20.08875
District of Columbia,11001,2010-09-14,7.98625,20.23375
District of Columbia,11001,2010-09-20,7.4495000000000005,23.523529411764706
District of Columbia,11001,2010-09-21,6.6302941176470584,23.253548387096775
District of Columbia,11001,2010-10-04,8.123333333333333,18.361
District of Columbia,11001,2010-10-05,7.935555555555555,14.77888888888889
District of Columbia,11001,2010-10-12,8.892,17.596
District of Columbia,11001,2010-10-18,8.698571428571428,16.653125
District of Columbia,11001,2010-10-19,6.283448275862069,16.528148148148148
District of Columbia,11001,2010-11-01,8.415714285714285,10.728571428571428
District of Columbia,11001,2010-11-02,10.131428571428572,10.564285714285713
District of Columbia,11001,2010-11-15,10.384285714285713,10.767142857142858
District of Columbia,11001,2010-11-16,7.721,10.582
District of Columbia,11001,2010-12-06,11.015714285714285,4.0285714285714285
District of Columbia,11001,2010-12-07,12.482857142857142,2.1271428571428572
District of Columbia,11001,2010-12-13,12.524,2.518
District of Columbia,11001,2010-12-14,11.955,2.4475
District of Columbia,11001,2011-01-03,10.575,2.74125
District of Columbia,11001,2011-01-04,12.865,2.1774999999999998
District of Columbia,11001,2011-01-10,13.208,0.20199999999999999
District of Columbia,11001,2011-01-11,12.592500000000001,0.62
District of Columbia,11001,2011-02-07,12.276666666666667,3.8266666666666667
District of Columbia,11001,2011-02-08,11.884,3.262
District of Columbia,11001,2011-02-14,11.365714285714287,5.911428571428571
District of Columbia,11001,2011-02-15,12.303333333333333,4.285
District of Columbia,11001,2011-03-07,11.451666666666666,7.328333333333333
District of Columbia,11001,2011-03-08,10.242857142857144,8.2796875
District of Columbia,11001,2011-03-14,10.36125,8.505
District of Columbia,11001,2011-03-15,11.64,7.717142857142857
District of Columbia,11001,2011-03-21,9.72,11.18
District of Columbia,11001,2011-04-04,11.014444444444445,10.87888888888889
District of Columbia,11001,2011-04-05,10.232000000000001,12.172
District of Columbia,11001,2011-04-11,10.754347826086956,12.031153846153845
District of Columbia,11001,2011-04-12,8.528,14.616
District of Columbia,11001,2011-04-25,8.387058823529411,15.2925
District of Columbia,11001,2011-05-09,7.33625,16.55
District of Columbia,11001,2011-05-10,9.194285714285714,15.688571428571429
District of Columbia,11001,2011-05-16,8.815925925925926,19.694285714285716
District of Columbia,11001,2011-05-17,5.922058823529412,20.519032258064517
District of Columbia,11001,2011-05-23,8.237222222222222,18.36578947368421
District of Columbia,11001,2011-06-06,7.46578947368421,24.76
District of Columbia,11001,2011-06-13,6.0024999999999995,22.03
District of Columbia,11001,2011-06-14,7.732857142857143,21.60142857142857
District of Columbia,11001,2011-06-20,6.276296296296296,25.57090909090909
District of Columbia,11001,2011-06-21,5.121935483870968,25.375454545454545
District of Columbia,11001,2011-07-05,5.877,28.22
District of Columbia,11001,2011-07-11,7.0842857142857145,29.250666666666667
District of Columbia,11001,2011-07-12,5.85,28.731
District of Columbia,11001,2011-07-18,5.663749999999999,24.36
District of Columbia,11001,2011-07-19,8.124,25.858
District of Columbia,11001,2011-08-01,6.5096,30.692692307692308
District of Columbia,11001,2011-08-08,5.408571428571428,25.15142857142857
District of Columbia,11001,2011-08-09,7.592857142857143,24.908571428571427
District of Columbia,11001,2011-08-15,6.841470588235294,27.094545454545454
District of Columbia,11001,2011-08-22,4.687586206896552,26.389310344827585
District of Columbia,11001,2011-09-06,6.441333333333334,24.54153846153846
District of Columbia,11001,2011-09-12,8.205238095238096,21.746190476190478
District of Columbia,11001,2011-09-13,5.688285714285715,22.896
District of Columbia,11001,2011-09-19,7.4475,18.8775
District of Columbia,11001,2011-09-20,8.2575,18.32625
District of Columbia,11001,2011-10-03,8.402777777777777,16.101333333333333
District of Columbia,11001,2011-10-04,8.53111111111111,15.29888888888889
District of Columbia,11001,2011-10-11,9.72642857142857,17.844545454545454
District of Columbia,11001,2011-10-17,7.326744186046511,17.039024390243902
District of Columbia,11001,2011-10-18,9.693999999999999,15.724
District of Columbia,11001,2011-11-07,9.96875,10.27
District of Columbia,11001,2011-11-08,11.09,10.918571428571429
District of Columbia,11001,2011-11-14,11.965,9.469999999999999
District of Columbia,11001,2011-11-15,9.909,10.936
District of Columbia,11001,2011-12-05,10.3675,8.90125
District of Columbia,11001,2011-12-06,10.84125,10.647499999999999
District of Columbia,11001,2011-12-12,14.16,5.578333333333333
District of Columbia,11001,2011-12-13,11.3575,5.9
District of Columbia,11001,2012-01-03,12.425714285714285,4.1025
District of Columbia,11001,2012-01-09,13.723333333333333,3.4066666666666667
District of Columbia,11001,2012-01-10,12.145,4.289
District of Columbia,11001,2012-01-17,12.666,5.036
District of Columbia,11001,2012-02-06,13.143333333333333,5.625
District of Columbia,11001,2012-02-07,11.145,6.3420000000000005
District of Columbia,11001,2012-02-13,12.757142857142856,3.0571428571428574
District of Columbia,11001,2012-02-14,13.577142857142857,5.394285714285714
District of Columbia,11001,2012-03-12,11.954827586206896,9.293333333333333
District of Columbia,11001,2012-03-13,9.9715,10.6945
District of Columbia,11001,2012-03-19,10.04375,14.70625
District of Columbia,11001,2012-03-20,9.85,16.685
District of Columbia,11001,2012-03-26,7.836666666666667,17.051666666666666
District of Columbia,11001,2012-04-09,10.113333333333333,14.872
District of Columbia,11001,2012-04-10,9.333684210526316,14.8835
District of Columbia,11001,2012-04-17,7.556666666666667,17.432222222222222
District of Columbia,11001,2012-04-23,9.666,13.118
District of Columbia,11001,2012-04-24,8.116666666666667,15.026363636363637
District of Columbia,11001,2012-05-07,7.876333333333333,21.17
District of Columbia,11001,2012-05-08,7.360333333333333,20.30709677419355
District of Columbia,11001,2012-05-14,7.33625,18.40375
District of Columbia,11001,2012-05-15,8.458571428571428,19.315714285714286
District of Columbia,11001,2012-05-21,7.145294117647059,22.415
District of Columbia,11001,2012-06-04,5.7105263157894735,22.55894736842105
District of Columbia,11001,2012-06-11,6.04375,23.134999999999998
District of Columbia,11001,2012-06-12,7.4825,22.035
District of Columbia,11001,2012-06-18,8.165555555555555,25.206
District of Columbia,11001,2012-06-19,5.631162790697674,24.708297872340424
District of Columbia,11001,2012-07-09,4.991666666666667,31.07
District of Columbia,11001,2012-07-16,7.097647058823529,29.390857142857143
District of Columbia,11001,2012-07-17,6.537333333333334,29.86909090909091
District of Columbia,11001,2012-07-23,5.371111111111111,23.996666666666666
District of Columbia,11001,2012-07-24,7.904,24.983999999999998
District of Columbia,11001,2012-08-06,6.416818181818182,29.711923076923078
District of Columbia,11001,2012-08-07,5.6125,25.5775
District of Columbia,11001,2012-08-13,6.804,28.669375
District of Columbia,11001,2012-08-14,5.226666666666667,28.32609756097561
District of Columbia,11001,2012-08-20,7.6257142857142854,22.338571428571427
District of Columbia,11001,2012-09-04,6.31,27.5875
District of Columbia,11001,2012-09-10,7.2736363636363635,25.86241379310345
District of Columbia,11001,2012-09-11,5.315,24.916666666666668
District of Columbia,11001,2012-09-17,7.93625,19.2275
District of Columbia,11001,2012-09-18,7.108750000000001,20.697499999999998
District of Columbia,11001,2012-10-01,7.285416666666666,20.8675
District of Columbia,11001,2012-10-02,7.012727272727273,19.917272727272728
District of Columbia,11001,2012-10-09,8.98857142857143,17.446190476190477
District of Columbia,11001,2012-10-15,7.0320833333333335,16.761
District of Columbia,11001,2012-10-16,9.598,14.618
District of Columbia,11001,2012-10-24,9.5,14.9
District of Columbia,11001,2012-10-30,7.7,10
District of Columbia,11001,2012-11-05,9.9225,9.22
District of Columbia,11001,2012-11-06,11.195714285714287,8.207142857142857
District of Columbia,11001,2012-11-13,11.118,10.040000000000001
District of Columbia,11001,2012-11-19,8.213,8.781
District of Columbia,11001,2012-11-26,13.5,4.5
District of Columbia,11001,2012-12-03,9.27125,9.44875
District of Columbia,11001,2012-12-04,11.777142857142856,10.147142857142857
District of Columbia,11001,2012-12-10,11.481666666666667,8.543333333333333
District of Columbia,11001,2012-12-11,8.765,9.086
District of Columbia,11001,2012-12-27,12.6,4.2
District of Columbia,11001,2013-01-02,NA,8.25
District of Columbia,11001,2013-01-16,12.6,6.933333333333334
District of Columbia,11001,2013-01-30,12.7,5.4
District of Columbia,11001,2013-01-31,9.85,10.899999999999999
District of Columbia,11001,2013-02-26,NA,7.2
District of Columbia,11001,2013-03-12,NA,12
District of Columbia,11001,2013-03-27,12.9,9.6
District of Columbia,11001,2013-04-12,8.6,15.600000000000001
District of Columbia,11001,2013-04-20,8,16.2
District of Columbia,11001,2013-04-24,NA,16.4
District of Columbia,11001,2013-04-26,12.2,15.8
District of Columbia,11001,2013-04-29,NA,15.399999999999999
District of Columbia,11001,2013-05-07,NA,16.8
District of Columbia,11001,2013-05-22,8.8,22.6
District of Columbia,11001,2013-05-24,6.6,19.9
District of Columbia,11001,2013-05-29,NA,20.65
District of Columbia,11001,2013-06-07,7.7,20.933333333333334
District of Columbia,11001,2013-06-08,8,20.6
District of Columbia,11001,2013-06-13,NA,25.15
District of Columbia,11001,2013-06-26,8.1,25.9
District of Columbia,11001,2013-06-28,NA,22.4
District of Columbia,11001,2013-07-01,NA,24.5
District of Columbia,11001,2013-07-12,7.3,22.8
District of Columbia,11001,2013-07-24,7.2,24.6
District of Columbia,11001,2013-07-25,NA,23.45
District of Columbia,11001,2013-08-27,NA,24.65
District of Columbia,11001,2013-08-28,7.7,22.9
District of Columbia,11001,2013-09-13,6.9,22.1
District of Columbia,11001,2013-09-25,8.9,15.1
District of Columbia,11001,2013-09-27,NA,21.25
District of Columbia,11001,2013-10-23,9.5,12.3
District of Columbia,11001,2013-10-28,NA,13.5
District of Columbia,11001,2013-11-01,NA,16.05
District of Columbia,11001,2013-11-26,13.6,7.199999999999999
District of Columbia,11001,2013-11-27,11.8,5.4
District of Columbia,11001,2013-12-13,13.7,1.6
District of Columbia,11001,2013-12-18,12.9,3.4
District of Columbia,11001,2013-12-22,NA,13.75
District of Columbia,11001,2013-12-23,NA,13.4
District of Columbia,11001,2013-12-30,NA,8
District of Columbia,11001,2014-01-29,14,0.1
District of Columbia,11001,2014-01-30,NA,4.25
District of Columbia,11001,2014-02-04,13.5,3
District of Columbia,11001,2014-02-05,NA,4.3
District of Columbia,11001,2014-02-25,13.4,5.166666666666667
District of Columbia,11001,2014-03-25,NA,7.1
District of Columbia,11001,2014-03-27,15.9,7.766666666666667
District of Columbia,11001,2014-03-29,NA,12.15
District of Columbia,11001,2014-03-30,10.7,8.766666666666667
District of Columbia,11001,2014-04-07,NA,9.9
District of Columbia,11001,2014-04-15,NA,17.3
District of Columbia,11001,2014-04-16,10.7,9.8
District of Columbia,11001,2014-04-23,12.6,14.2
District of Columbia,11001,2014-04-29,NA,12.65
District of Columbia,11001,2014-04-30,10.5,12.55
District of Columbia,11001,2014-05-01,8.3,15.3
District of Columbia,11001,2014-05-16,8.7,16.8
District of Columbia,11001,2014-05-28,7.2,20.3
District of Columbia,11001,2014-06-24,NA,23.6
District of Columbia,11001,2014-06-25,7.8,22.7
District of Columbia,11001,2014-07-23,8.5,24.1
District of Columbia,11001,2014-07-29,NA,22.5
District of Columbia,11001,2014-07-30,NA,23.1
District of Columbia,11001,2014-08-12,NA,22.200000000000003
District of Columbia,11001,2014-08-26,8.6,23.400000000000002
District of Columbia,11001,2014-09-24,10.1,17.633333333333333
District of Columbia,11001,2014-09-25,8.9,16.9
District of Columbia,11001,2014-10-15,NA,21.38
District of Columbia,11001,2014-10-22,8.8,14.719999999999999
District of Columbia,11001,2014-10-28,NA,16.7
District of Columbia,11001,2014-10-29,9.1,NA
District of Columbia,11001,2014-11-04,NA,15.7
District of Columbia,11001,2014-11-06,9.4,NA
District of Columbia,11001,2014-11-17,11.2,8.866666666666667
District of Columbia,11001,2014-11-25,NA,12.850000000000001
District of Columbia,11001,2014-11-26,10.2,NA
District of Columbia,11001,2014-12-06,NA,12.35
District of Columbia,11001,2014-12-18,NA,5
District of Columbia,11001,2014-12-23,NA,8.45
District of Columbia,11001,2014-12-24,NA,8.5
District of Columbia,11001,2015-01-26,NA,6.050000000000001
District of Columbia,11001,2015-01-29,14.9,NA
District of Columbia,11001,2015-02-24,NA,1.8
District of Columbia,11001,2015-03-11,12.1,NA
District of Columbia,11001,2015-03-14,NA,7.8
District of Columbia,11001,2015-03-24,12.4,7.6
District of Columbia,11001,2015-04-14,NA,14.4
District of Columbia,11001,2015-04-20,9,NA
District of Columbia,11001,2015-04-29,NA,15.5
District of Columbia,11001,2015-04-30,9.4,NA
District of Columbia,11001,2015-05-19,6.6,NA
District of Columbia,11001,2015-05-26,NA,20.366666666666667
District of Columbia,11001,2015-05-28,7,NA
District of Columbia,11001,2015-06-02,6.3,NA
District of Columbia,11001,2015-06-20,NA,24.566666666666666
District of Columbia,11001,2015-06-23,NA,22.133333333333333
District of Columbia,11001,2015-06-24,6.8,NA
District of Columbia,11001,2015-06-27,NA,21.75
District of Columbia,11001,2015-07-28,NA,20.2
District of Columbia,11001,2015-07-29,6.5,NA
District of Columbia,11001,2015-07-30,NA,28.2
District of Columbia,11001,2015-08-27,8.6,NA
District of Columbia,11001,2015-09-16,8,NA
District of Columbia,11001,2015-09-29,NA,22.3
District of Columbia,11001,2015-09-30,6.9,22.3
District of Columbia,11001,2015-10-02,NA,17.6
District of Columbia,11001,2015-10-26,10.1,12.5
District of Columbia,11001,2015-10-28,NA,17.9
District of Columbia,11001,2015-10-29,NA,18.6
District of Columbia,11001,2015-11-10,9,11.8
District of Columbia,11001,2015-11-23,11.6,6.3
District of Columbia,11001,2015-11-24,NA,10.1
District of Columbia,11001,2015-12-01,NA,10.8
District of Columbia,11001,2015-12-02,10.6,12
District of Columbia,11001,2015-12-14,11.2,9.8
District of Columbia,11001,2015-12-17,NA,12.65
District of Columbia,11001,2015-12-28,NA,13
District of Columbia,11001,2016-01-28,14,3.6333333333333333
District of Columbia,11001,2016-02-03,NA,7.9
District of Columbia,11001,2016-02-16,NA,4.95
District of Columbia,11001,2016-02-24,11.8,6.3
District of Columbia,11001,2016-02-25,NA,9
District of Columbia,11001,2016-03-22,12.6,7.8
District of Columbia,11001,2016-03-29,NA,13
District of Columbia,11001,2016-04-07,NA,13.7
District of Columbia,11001,2016-04-26,8.5,16.9
District of Columbia,11001,2016-04-28,NA,14.9
District of Columbia,11001,2016-05-06,NA,13.7
District of Columbia,11001,2016-05-23,9.4,15.2
District of Columbia,11001,2016-05-25,NA,18.95
District of Columbia,11001,2016-06-22,7.4,22.6
District of Columbia,11001,2016-06-23,7.7,22.6
District of Columbia,11001,2016-06-28,7.7,23.7
District of Columbia,11001,2016-07-05,7.1,22.3
District of Columbia,11001,2016-07-27,6.8,26.233333333333334
District of Columbia,11001,2016-07-29,6.7,25.333333333333332
District of Columbia,11001,2016-08-16,6.6,25.3
District of Columbia,11001,2016-08-24,7.7,22.2
District of Columbia,11001,2016-08-30,NA,25.3
District of Columbia,11001,2016-09-08,6.6,24.3
District of Columbia,11001,2016-09-19,7.3,23.766666666666666
District of Columbia,11001,2016-09-27,7.6,21.1
District of Columbia,11001,2016-09-29,7.8,20.46666666666667
Fairfax County,51059,2007-01-08,10.22857142857143,10.257142857142856
Fairfax County,51059,2007-01-16,10.4,10.2
Fairfax County,51059,2007-03-05,12.100000000000001,6.6
Fairfax County,51059,2007-03-06,13.2,2.5
Fairfax County,51059,2007-04-04,8.8,12.9
Fairfax County,51059,2007-04-09,11.95,9.466666666666667
Fairfax County,51059,2007-04-18,10.959999999999999,8.98
Fairfax County,51059,2007-05-02,8.7,17.3
Fairfax County,51059,2007-05-07,9.6,17.8
Fairfax County,51059,2007-05-17,9.16,22.433333333333334
Fairfax County,51059,2007-06-07,10.066666666666666,24.433333333333334
Fairfax County,51059,2007-06-12,9.7375,27.516666666666666
Fairfax County,51059,2007-06-13,7.1,21
Fairfax County,51059,2007-07-09,6.6,23.6
Fairfax County,51059,2007-07-17,8.977777777777778,28.17142857142857
Fairfax County,51059,2007-08-06,4.2,24.7
Fairfax County,51059,2007-08-13,9.32857142857143,28.825
Fairfax County,51059,2007-08-14,9.6,29.0375
Fairfax County,51059,2007-09-05,5.8,21.3
Fairfax County,51059,2007-09-11,6.516666666666667,28.3
Fairfax County,51059,2007-09-20,12.75,21.7
Fairfax County,51059,2007-10-02,10.771428571428572,23.014285714285712
Fairfax County,51059,2007-10-03,5.7,18.3
Fairfax County,51059,2007-10-09,7.45,25.25
Fairfax County,51059,2007-10-15,11.475,18.125
Fairfax County,51059,2007-10-23,9.55,19.9
Fairfax County,51059,2007-11-01,7.4,13.9
Fairfax County,51059,2007-11-05,9.3,8.8
Fairfax County,51059,2007-11-13,12.649999999999999,11.466666666666667
Fairfax County,51059,2007-12-06,12.3,0.9
Fairfax County,51059,2008-01-07,NaN,NaN
Fairfax County,51059,2008-01-09,10.4,8.7
Fairfax County,51059,2008-02-06,11,8.1
Fairfax County,51059,2008-03-03,13.25,7.800000000000001
Fairfax County,51059,2008-03-05,9.4,12.7
Fairfax County,51059,2008-04-07,10.649999999999999,12.2
Fairfax County,51059,2008-04-09,10.8,10.2
Fairfax County,51059,2008-04-14,9.4,13.95
Fairfax County,51059,2008-04-22,8.149999999999999,15.25
Fairfax County,51059,2008-04-24,8.68,18.4
Fairfax County,51059,2008-05-05,9.77142857142857,21.283333333333335
Fairfax County,51059,2008-05-14,9.2,13.4
Fairfax County,51059,2008-05-20,9.3,16.9
Fairfax County,51059,2008-05-22,9.9,17.733333333333334
Fairfax County,51059,2008-06-02,7.35,23.65
Fairfax County,51059,2008-06-03,6.933333333333334,23.450000000000003
Fairfax County,51059,2008-06-04,7.7,22.4
Fairfax County,51059,2008-06-17,7.800000000000001,26.7
Fairfax County,51059,2008-06-19,8.283333333333333,25.6
Fairfax County,51059,2008-07-01,9.55,27.75
Fairfax County,51059,2008-07-09,6.3,23.3
Fairfax County,51059,2008-07-14,5.425,27.866666666666667
Fairfax County,51059,2008-07-15,8.655555555555555,29.055555555555557
Fairfax County,51059,2008-07-29,8.5,27.6
Fairfax County,51059,2008-08-04,9.525,28.8
Fairfax County,51059,2008-08-06,6.1,23.2
Fairfax County,51059,2008-08-11,NaN,25.6
Fairfax County,51059,2008-08-19,9.866666666666667,28.316666666666666
Fairfax County,51059,2008-08-26,7.45,26
Fairfax County,51059,2008-09-03,6.2,20.6
Fairfax County,51059,2008-09-08,3.8499999999999996,22.45
Fairfax County,51059,2008-09-23,8.922222222222222,23.32
Fairfax County,51059,2008-10-01,7.7,17.9
Fairfax County,51059,2008-10-06,9,20.049999999999997
Fairfax County,51059,2008-10-07,10.9,19.15
Fairfax County,51059,2008-10-14,8.58,21.4
Fairfax County,51059,2008-10-21,10.2,14.850000000000001
Fairfax County,51059,2008-10-28,10.1,11.6
Fairfax County,51059,2008-11-03,9.825,12.333333333333334
Fairfax County,51059,2008-11-05,8.3,12.4
Fairfax County,51059,2008-12-03,11.4,3.4
Fairfax County,51059,2009-01-12,11.133333333333333,5.033333333333333
Fairfax County,51059,2009-01-14,12.6,0.5
Fairfax County,51059,2009-02-02,12.633333333333333,4.15
Fairfax County,51059,2009-02-24,13.4,0.5
Fairfax County,51059,2009-03-05,NaN,NaN
Fairfax County,51059,2009-03-12,10.7,7.5
Fairfax County,51059,2009-03-30,11.7,13.55
Fairfax County,51059,2009-04-07,9.75,10.95
Fairfax County,51059,2009-04-08,10.8,8.8
Fairfax County,51059,2009-04-13,10.533333333333333,12.1
Fairfax County,51059,2009-04-29,9.6,21.700000000000003
Fairfax County,51059,2009-05-04,8.6,14
Fairfax County,51059,2009-05-05,7.65,15.65
Fairfax County,51059,2009-05-07,8.2,16
Fairfax County,51059,2009-05-11,8.850000000000001,18.5
Fairfax County,51059,2009-05-26,7,24.55
Fairfax County,51059,2009-06-01,10.725,23.75
Fairfax County,51059,2009-06-03,7.8,19.9
Fairfax County,51059,2009-06-08,8.966666666666667,23.7
Fairfax County,51059,2009-06-23,9.05,25.6
Fairfax County,51059,2009-07-06,11.2,25.175
Fairfax County,51059,2009-07-07,NaN,26.4
Fairfax County,51059,2009-07-09,7.4,20.3
Fairfax County,51059,2009-07-21,11.45,26.9
Fairfax County,51059,2009-08-03,8.425,27.6
Fairfax County,51059,2009-08-04,10.2,29.3
Fairfax County,51059,2009-08-06,6.5,23.3
Fairfax County,51059,2009-08-18,9.55,29.55
Fairfax County,51059,2009-09-01,9.149999999999999,24.4
Fairfax County,51059,2009-09-02,7.1,18.5
Fairfax County,51059,2009-09-14,9.76,22.583333333333332
Fairfax County,51059,2009-09-29,NaN,NaN
Fairfax County,51059,2009-10-06,9.45,19.566666666666666
Fairfax County,51059,2009-10-07,7.8,16.4
Fairfax County,51059,2009-10-13,9.8,16.45
Fairfax County,51059,2009-10-27,9.25,15.55
Fairfax County,51059,2009-11-04,9.6,9.6
Fairfax County,51059,2009-12-02,11.5,6.5
Fairfax County,51059,2010-01-06,13.8,0.1
Fairfax County,51059,2010-02-04,13.3,0.5
Fairfax County,51059,2010-03-01,13.033333333333333,6.233333333333333
Fairfax County,51059,2010-03-04,13.7,4.2
Fairfax County,51059,2010-04-05,11.54,17.62
Fairfax County,51059,2010-04-08,8.8,18.6
Fairfax County,51059,2010-05-13,8.68,17.025
Fairfax County,51059,2010-06-10,9,20.4
Fairfax County,51059,2010-06-14,9.75,28.65
Fairfax County,51059,2010-07-08,6.1,26.3
Fairfax County,51059,2010-07-19,9,30.4
Fairfax County,51059,2010-08-12,6,26.1
Fairfax County,51059,2010-08-23,7.6,28.4
Fairfax County,51059,2010-09-09,6.2,20.4
Fairfax County,51059,2010-09-20,10.225,23.9
Fairfax County,51059,2010-10-05,9.8,13.3
Fairfax County,51059,2010-11-03,11,8
Fairfax County,51059,2010-12-08,13.5,0.8
Fairfax County,51059,2011-01-06,14.1,0.2
Fairfax County,51059,2011-02-03,13.8,1.2
Fairfax County,51059,2011-03-03,12.9,4.8
Fairfax County,51059,2011-03-14,11.12,9.2
Fairfax County,51059,2011-04-05,8.9,13.8
Fairfax County,51059,2011-04-07,11.833333333333334,12.825
Fairfax County,51059,2011-05-02,10.271428571428572,18.025
Fairfax County,51059,2011-05-05,9.3,13.2
Fairfax County,51059,2011-05-23,9.5,22.833333333333332
Fairfax County,51059,2011-06-07,9.84,26.18
Fairfax County,51059,2011-06-09,6.6,23.8
Fairfax County,51059,2011-07-06,5.9,23.7
Fairfax County,51059,2011-07-27,11.9,30.75
Fairfax County,51059,2011-08-01,5.2,25.3
Fairfax County,51059,2011-08-18,10.32,26.95
Fairfax County,51059,2011-09-08,8.1,21
Fairfax County,51059,2011-09-09,8,21.6
Fairfax County,51059,2011-09-26,9.8,24.033333333333335
Fairfax County,51059,2011-10-12,8.9,16.3
Fairfax County,51059,2011-10-19,9.05,16.5
Fairfax County,51059,2011-11-01,11.2,8.1
Fairfax County,51059,2011-11-09,13,8.6
Fairfax County,51059,2011-11-28,10.016666666666667,11.016666666666666
Fairfax County,51059,2011-12-07,9.48,12.99
Fairfax County,51059,2011-12-08,10.835,7.959999999999999
Fairfax County,51059,2011-12-15,13.33,5.76
Fairfax County,51059,2012-01-05,14.15,1.41
Fairfax County,51059,2012-01-12,11.115,6.665
Fairfax County,51059,2012-01-17,13.31,3.69
Fairfax County,51059,2012-01-30,12.652857142857142,5.405714285714286
Fairfax County,51059,2012-02-07,13.04,4.69
Fairfax County,51059,2012-02-16,12.21,6.03
Fairfax County,51059,2012-02-29,12.1,6.74
Fairfax County,51059,2012-03-01,10.82,9.74
Fairfax County,51059,2012-03-12,12.442499999999999,10.3875
Fairfax County,51059,2012-03-15,10.03,13.82
Fairfax County,51059,2012-04-02,11.983333333333334,15.523333333333333
Fairfax County,51059,2012-04-11,9.915,11.3
Fairfax County,51059,2012-04-23,9.92,10.99
Fairfax County,51059,2012-05-01,9.47,14.55
Fairfax County,51059,2012-05-09,8.41,17.54
Fairfax County,51059,2012-05-24,8.11,19.86
Fairfax County,51059,2012-05-29,9.382857142857143,28.118000000000002
Fairfax County,51059,2012-06-05,8.21,18.27
Fairfax County,51059,2012-06-12,7.24,22.35
Fairfax County,51059,2012-06-13,7.81,23.922
Fairfax County,51059,2012-06-14,8.15,20.87
Fairfax County,51059,2012-07-02,5.6,25.17
Fairfax County,51059,2012-07-12,7.08,22.34
Fairfax County,51059,2012-07-23,7.566,29.268
Fairfax County,51059,2012-08-01,5.57,24.43
Fairfax County,51059,2012-08-16,7.31,27.75
Fairfax County,51059,2012-08-27,10.14,26.5025
Fairfax County,51059,2012-09-06,5.57,24.86
Fairfax County,51059,2012-09-13,8.22,17.35
Fairfax County,51059,2012-09-18,7.91,20.875
Fairfax County,51059,2012-09-19,7.995000000000001,19.39
Fairfax County,51059,2012-10-02,8.495000000000001,17.814999999999998
Fairfax County,51059,2012-10-11,9.28,13.28
Fairfax County,51059,2012-10-16,12.1,13
Fairfax County,51059,2012-10-29,9.685,11.63
Fairfax County,51059,2012-10-30,9.995000000000001,9.295
Fairfax County,51059,2012-10-31,10.23,9.91
Fairfax County,51059,2012-11-14,12.4,8.3
Fairfax County,51059,2012-11-15,11.63,7.26
Fairfax County,51059,2012-12-03,12.3025,7.98
Fairfax County,51059,2012-12-06,12,6.1
Fairfax County,51059,2012-12-12,11.48,8.13
Fairfax County,51059,2013-01-10,11.63,7.26
Fairfax County,51059,2013-01-15,10.2,7.5
Fairfax County,51059,2013-01-31,10.030000000000001,9.684999999999999
Fairfax County,51059,2013-02-07,13.6,2.8
Fairfax County,51059,2013-02-14,12.27,4.69
Fairfax County,51059,2013-02-21,13.7,1.4
Fairfax County,51059,2013-02-25,12.875,5.025
Fairfax County,51059,2013-03-07,15.5,3.7
Fairfax County,51059,2013-03-14,11.76,6.56
Fairfax County,51059,2013-03-21,11.9,6.3
Fairfax County,51059,2013-04-09,11.2,15.5
Fairfax County,51059,2013-04-10,9.21,17.07
Fairfax County,51059,2013-04-15,9.05,18.155
Fairfax County,51059,2013-04-23,10.5,12.9
Fairfax County,51059,2013-05-07,NA,14.5
Fairfax County,51059,2013-05-08,9.085,15.25
Fairfax County,51059,2013-05-09,9.31,15.47
Fairfax County,51059,2013-05-13,8.912,17.06
Fairfax County,51059,2013-05-16,8.935,17.345
Fairfax County,51059,2013-06-04,5.23,23.85
Fairfax County,51059,2013-06-13,7.79,21.46
Fairfax County,51059,2013-06-18,7.6,22.2
Fairfax County,51059,2013-06-26,7.2,NA
Fairfax County,51059,2013-07-10,8.9,NA
Fairfax County,51059,2013-07-11,7.43,23.66
Fairfax County,51059,2013-07-15,8.272,28.135
Fairfax County,51059,2013-07-18,8.5,NA
Fairfax County,51059,2013-07-25,7.2,NA
Fairfax County,51059,2013-07-31,7.6,21.7
Fairfax County,51059,2013-08-12,6.5,23.2
Fairfax County,51059,2013-08-13,7.2,NA
Fairfax County,51059,2013-08-14,7.84,22.17
Fairfax County,51059,2013-08-15,8.06,20.38
Fairfax County,51059,2013-08-19,9.795,23.8625
Fairfax County,51059,2013-08-22,8,NA
Fairfax County,51059,2013-09-05,9.8,20.6
Fairfax County,51059,2013-09-12,7.22,22.6
Fairfax County,51059,2013-09-17,8.2,NA
Fairfax County,51059,2013-10-18,8.61,16.32
Fairfax County,51059,2013-10-28,12.1775,12.7575
Fairfax County,51059,2013-11-14,12.48,4.45
Fairfax County,51059,2013-11-19,9.4,NA
Fairfax County,51059,2013-11-26,12.135,4.08
Fairfax County,51059,2013-11-27,11.99,4.92
Fairfax County,51059,2013-12-05,11.2,NA
Fairfax County,51059,2013-12-12,12.97,2.2
Fairfax County,51059,2013-12-19,11,4.5525
Fairfax County,51059,2014-01-09,14.5,NA
Fairfax County,51059,2014-01-15,12.03,5.79
Fairfax County,51059,2014-02-03,12.760000000000002,3.0700000000000003
Fairfax County,51059,2014-02-11,14.05,0.48
Fairfax County,51059,2014-02-19,13.2,NA
Fairfax County,51059,2014-02-20,13.2,3.3049999999999997
Fairfax County,51059,2014-03-05,14.5,NA
Fairfax County,51059,2014-03-13,11.82,5.89
Fairfax County,51059,2014-03-19,12.7,NA
Fairfax County,51059,2014-03-24,12.305,6.216666666666667
Fairfax County,51059,2014-03-31,11.785,5.53
Fairfax County,51059,2014-04-02,11.1,NA
Fairfax County,51059,2014-04-09,10.39,10.73
Fairfax County,51059,2014-04-15,8.705,16.314999999999998
Fairfax County,51059,2014-04-16,11.3,NA
Fairfax County,51059,2014-04-30,11.100000000000001,12.085
Fairfax County,51059,2014-05-14,7.9,19.6
Fairfax County,51059,2014-05-15,8.8,17.9
Fairfax County,51059,2014-05-16,9.105,16.405
Fairfax County,51059,2014-05-21,8.645,20.88
Fairfax County,51059,2014-06-03,7.4,NA
Fairfax County,51059,2014-06-12,7.64,21.88
Fairfax County,51059,2014-06-17,7.906,26.092
Fairfax County,51059,2014-06-23,8.2,NA
Fairfax County,51059,2014-07-09,6.4,23.3
Fairfax County,51059,2014-07-10,7.53,22.56
Fairfax County,51059,2014-07-15,7,24.9
Fairfax County,51059,2014-07-16,7.41,23.15
Fairfax County,51059,2014-07-28,7.7,23.6
Fairfax County,51059,2014-07-29,9.495714285714286,26.017142857142858
Fairfax County,51059,2014-08-07,7,22.4
Fairfax County,51059,2014-08-14,8.32,20
Fairfax County,51059,2014-08-18,8.92,25.154
Fairfax County,51059,2014-08-28,6.8,22.1
Fairfax County,51059,2014-09-10,8.17,20.83
Fairfax County,51059,2014-09-11,7.1,21.5
Fairfax County,51059,2014-09-23,7.3,16.6
Fairfax County,51059,2014-09-30,7.62875,21.5
Fairfax County,51059,2014-10-15,8.33,17.89
Fairfax County,51059,2014-10-16,8.13,18.07
Fairfax County,51059,2014-10-21,9.9,16.54
Fairfax County,51059,2014-10-22,8.825,13.715
Fairfax County,51059,2014-11-04,10.848,11.318
Fairfax County,51059,2014-11-12,10.1,11.9
Fairfax County,51059,2014-11-13,9.515,9.385
Fairfax County,51059,2014-11-17,10.594999999999999,7.74
Fairfax County,51059,2014-12-08,12.4,4.4
Fairfax County,51059,2014-12-11,11.925,4.17
Fairfax County,51059,2015-01-05,11.565,5.970000000000001
Fairfax County,51059,2015-01-07,14.4,0.1
Fairfax County,51059,2015-01-14,13.420000000000002,1.23
Fairfax County,51059,2015-02-05,13.6,1.7
Fairfax County,51059,2015-02-12,13.165,3.275
Fairfax County,51059,2015-02-19,14.5,-0.1
Fairfax County,51059,2015-03-09,13.5,3.8
Fairfax County,51059,2015-03-11,12.435,4.365
Fairfax County,51059,2015-03-12,12.395,5.13
Fairfax County,51059,2015-03-16,11.225,8.057500000000001
Fairfax County,51059,2015-03-19,16.4,6.5
Fairfax County,51059,2015-04-06,10.55,13.0775
Fairfax County,51059,2015-04-08,9.425,13.365
Fairfax County,51059,2015-04-09,10.7,10.8
Fairfax County,51059,2015-04-14,8.82,15.45
Fairfax County,51059,2015-04-15,9.684999999999999,13.335
Fairfax County,51059,2015-04-20,9.14,14.785
Fairfax County,51059,2015-04-22,9.8,14.7
Fairfax County,51059,2015-05-04,11.814285714285715,18.63714285714286
Fairfax County,51059,2015-05-06,6.6,19.2
Fairfax County,51059,2015-05-13,7.71,19.225
Fairfax County,51059,2015-05-18,7,21.3
Fairfax County,51059,2015-05-28,7.9,22.3
Fairfax County,51059,2015-06-09,8.845714285714285,23.595714285714287
Fairfax County,51059,2015-06-18,8.16,22.299999999999997
Fairfax County,51059,2015-06-23,7.1,24.4
Fairfax County,51059,2015-06-30,7.9,21.3
Fairfax County,51059,2015-07-09,7.225,23.655
Fairfax County,51059,2015-07-15,8.11,23.045
Fairfax County,51059,2015-07-21,7.5,25.8
Fairfax County,51059,2015-07-30,6.2,24.9
Fairfax County,51059,2015-08-11,7.4,22.9
Fairfax County,51059,2015-08-12,7.265,22.895
Fairfax County,51059,2015-08-20,8.3,24.6
Fairfax County,51059,2015-08-24,10.074285714285715,27.511666666666667
Fairfax County,51059,2015-08-27,6.4,20.2
Fairfax County,51059,2015-09-09,6.675,24.060000000000002
Fairfax County,51059,2015-09-10,6.7,24.6
Fairfax County,51059,2015-09-23,8.2,18.1
Fairfax County,51059,2015-09-30,7.39,21.81
Fairfax County,51059,2015-10-14,8.83,15.02
Fairfax County,51059,2015-10-19,10.071666666666667,13.181666666666667
Fairfax County,51059,2015-11-09,9.825,10.585
Fairfax County,51059,2015-11-10,9.47,11.58
Fairfax County,51059,2015-12-01,10.67,8.59
Fairfax County,51059,2015-12-10,12.149999999999999,5.859999999999999
Fairfax County,51059,2015-12-14,10.858,9.974444444444444
Fairfax County,51059,2015-12-29,10.675,9.29
Fairfax County,51059,2016-01-13,13.235,1.635
Fairfax County,51059,2016-02-10,12.75,3.165
Fairfax County,51059,2016-02-16,13.280000000000001,0.635
Fairfax County,51059,2016-03-09,11.434999999999999,9.895
Fairfax County,51059,2016-04-13,11.219999999999999,12.325
Fairfax County,51059,2016-05-11,9.455,14.185
Fairfax County,51059,2016-05-17,9.75,13.77
Fairfax County,51059,2016-05-23,9.489999999999998,14.42
Fairfax County,51059,2016-06-15,8.25,20.895
Fairfax County,51059,2016-06-17,7.18,21.810000000000002
Fairfax County,51059,2016-07-13,7.695,24.05
Fairfax County,51059,2016-08-10,7.87,23.68
Fairfax County,51059,2016-09-14,6.89,22.205
Fairfax County,51059,2016-09-29,8.555,19.375
Fairfax County,51059,2016-10-12,9.625,12.905
Fairfax County,51059,2016-11-09,9.205,10.735
Fairfax County,51059,2016-11-30,10.245000000000001,8.879999999999999
Fairfax County,51059,2016-12-06,10.99,7.29
Fairfax County,51059,2016-12-07,11.3,7.04
Fairfax County,51059,2016-12-14,12.489999999999998,4.390000000000001
